{"cameraMode":{"drawMode":0,"name":"Shaded","section":"Shading Mode"},"sceneLighting":false,"audioPlay":false,"sceneViewState":{"showFog":true,"showMaterialUpdate":false,"showSkybox":true,"showFlares":true,"showImageEffects":true,"showParticleSystems":true},"in2DMode":false,"pivot":{"x":136.51321411132813,"y":30.151458740234376,"z":110.32925415039063},"rotation":{"x":-0.3782224655151367,"y":0.10051938146352768,"z":-0.041364338248968127,"w":-0.9193203449249268},"size":243.68504333496095,"orthographic":false}