{"cameraMode":{"drawMode":0,"name":"Shaded","section":"Shading Mode"},"sceneLighting":false,"audioPlay":false,"sceneViewState":{"showFog":true,"showMaterialUpdate":false,"showSkybox":true,"showFlares":true,"showImageEffects":true,"showParticleSystems":true},"in2DMode":false,"pivot":{"x":136.56666564941407,"y":30.337095260620118,"z":110.56059265136719},"rotation":{"x":-0.30343863368034365,"y":-0.2153318077325821,"z":0.07058542221784592,"w":-0.9255251288414002},"size":68.92399597167969,"orthographic":false}