{"cameraMode":{"drawMode":0,"name":"Shaded","section":"Shading Mode"},"sceneLighting":false,"audioPlay":false,"sceneViewState":{"showFog":true,"showMaterialUpdate":false,"showSkybox":true,"showFlares":true,"showImageEffects":true,"showParticleSystems":true},"in2DMode":false,"pivot":{"x":3.7578487396240236,"y":4.7944488525390629,"z":-1.2210693359375},"rotation":{"x":-0.23011723160743714,"y":-0.19890128076076508,"z":0.04809807240962982,"w":-0.9514136910438538},"size":3.0457701683044435,"orthographic":false}