{"cameraMode":{"drawMode":0,"name":"Shaded","section":"Shading Mode"},"sceneLighting":false,"audioPlay":false,"sceneViewState":{"showFog":true,"showMaterialUpdate":false,"showSkybox":true,"showFlares":true,"showImageEffects":true,"showParticleSystems":true},"in2DMode":false,"pivot":{"x":83.6823959350586,"y":17.362648010253908,"z":259.708740234375},"rotation":{"x":-0.3948681056499481,"y":0.20610804855823518,"z":-0.09138479083776474,"w":-0.8906524181365967},"size":232.92868041992188,"orthographic":false}