{"cameraMode":{"drawMode":0,"name":"Shaded","section":"Shading Mode"},"sceneLighting":false,"audioPlay":false,"sceneViewState":{"showFog":true,"showMaterialUpdate":false,"showSkybox":true,"showFlares":true,"showImageEffects":true,"showParticleSystems":true},"in2DMode":false,"pivot":{"x":153.89981079101563,"y":161.08551025390626,"z":60.892059326171878},"rotation":{"x":-0.30686482787132265,"y":0.6413994431495667,"z":-0.31246498227119448,"w":-0.6299485564231873},"size":230.41017150878907,"orthographic":false}